<?xml version="1.0" encoding="UTF-8"?>
<Configuration status="WARN">
    <Appenders>
        <Console name="console" target="SYSTEM_OUT">
            <PatternLayout pattern="%d{HH:mm:ss.SSS} [%t] %-5level %logger{36} - %msg%n"/>
        </Console>

        <File name="all_logs_file" fileName="logs/RPC.log">
            <PatternLayout>
                <pattern>%d %p %c{1.} [%t] %m%n</pattern>
            </PatternLayout>
        </File>

    </Appenders>
    <Loggers>
        <Root level="debug">
            <AppenderRef ref="console"/>
            <AppenderRef ref="all_logs_file"/>
        </Root>
    </Loggers>
</Configuration>